,ID,Constituency,seat_types_yg,Colors,Cluster
0,E14000554,Berwick-upon-Tweed,con safe,#F5B14C,2
1,E14000569,Bishop Auckland,con lab marginal,#F5B14C,2
2,E14000574,Blaydon,lab safe,#2CBDFE,0
3,E14000575,Blyth Valley,con lab marginal,#2CBDFE,0
4,E14000641,City of Durham,con lab marginal,#F3A0F2,3
5,E14000658,Darlington,con lab marginal,#2CBDFE,0
6,E14000677,Easington,lab safe,#2CBDFE,0
7,E14000709,Gateshead,lab safe,#2CBDFE,0
8,E14000733,Hartlepool,con lab marginal,#2CBDFE,0
9,E14000746,Hexham,con safe,#F5B14C,2
10,E14000754,Houghton and Sunderland South,lab safe,#2CBDFE,0
11,E14000765,Jarrow,lab safe,#2CBDFE,0
12,E14000819,Middlesbrough,lab safe,#2CBDFE,0
13,E14000820,Middlesbrough South and East Cleveland,con safe,#2CBDFE,0
14,E14000831,Newcastle upon Tyne Central,lab safe,#F3A0F2,3
15,E14000832,Newcastle upon Tyne East,lab safe,#F3A0F2,3
16,E14000833,Newcastle upon Tyne North,con lab marginal,#2CBDFE,0
17,E14000840,North Durham,lab safe,#2CBDFE,0
18,E14000853,North Tyneside,lab safe,#2CBDFE,0
19,E14000856,North West Durham,con lab marginal,#2CBDFE,0
20,E14000891,Redcar,con lab marginal,#2CBDFE,0
21,E14000915,Sedgefield,con lab marginal,#2CBDFE,0
22,E14000944,South Shields,lab safe,#2CBDFE,0
23,E14000970,Stockton North,con lab marginal,#2CBDFE,0
24,E14000971,Stockton South,con lab marginal,#F5B14C,2
25,E14000982,Sunderland Central,lab safe,#2CBDFE,0
26,E14001006,Tynemouth,con lab marginal,#F5B14C,2
27,E14001014,Wansbeck,con lab marginal,#2CBDFE,0
28,E14001020,Washington and Sunderland West,lab safe,#2CBDFE,0
29,E14000532,Altrincham and Sale West,con safe,#F5B14C,2
30,E14000537,Ashton-under-Lyne,con lab marginal,#2CBDFE,0
31,E14000543,Barrow and Furness,con safe,#F5B14C,2
32,E14000559,Birkenhead,lab safe,#2CBDFE,0
33,E14000570,Blackburn,lab safe,#2CBDFE,0
34,E14000571,Blackley and Broughton,lab safe,#2CBDFE,0
35,E14000572,Blackpool North and Cleveleys,con safe,#F5B14C,2
36,E14000573,Blackpool South,con lab marginal,#F5B14C,2
37,E14000578,Bolton North East,con lab marginal,#2CBDFE,0
38,E14000579,Bolton South East,lab safe,#2CBDFE,0
39,E14000580,Bolton West,con safe,#F5B14C,2
40,E14000581,Bootle,lab safe,#2CBDFE,0
41,E14000609,Burnley,con lab marginal,#2CBDFE,0
42,E14000611,Bury North,con lab marginal,#F5B14C,2
43,E14000612,Bury South,con lab marginal,#F5B14C,2
44,E14000620,Carlisle,con safe,#2CBDFE,0
45,E14000627,Cheadle,con ld marginal,#F5B14C,2
46,E14000640,City of Chester,con lab marginal,#F5B14C,2
47,E14000646,Congleton,con safe,#F5B14C,2
48,E14000647,Copeland,con safe,#F5B14C,2
49,E14000653,Crewe and Nantwich,con lab marginal,#2CBDFE,0
50,E14000661,Denton and Reddish,lab safe,#2CBDFE,0
51,E14000686,Eddisbury,con safe,#F5B14C,2
52,E14000688,Ellesmere Port and Neston,con lab marginal,#F5B14C,2
53,E14000706,Fylde,con safe,#F5B14C,2
54,E14000708,Garston and Halewood,lab safe,#2CBDFE,0
55,E14000725,Halton,lab safe,#2CBDFE,0
56,E14000738,Hazel Grove,con ld marginal,#F5B14C,2
57,E14000747,Heywood and Middleton,con lab marginal,#2CBDFE,0
58,E14000758,Hyndburn,con lab marginal,#2CBDFE,0
59,E14000775,Knowsley,lab safe,#2CBDFE,0
60,E14000776,Lancaster and Fleetwood,con lab marginal,#F3A0F2,3
61,E14000785,Leigh,con lab marginal,#2CBDFE,0
62,E14000793,"Liverpool, Riverside",lab safe,#F3A0F2,3
63,E14000794,"Liverpool, Walton",lab safe,#2CBDFE,0
64,E14000795,"Liverpool, Wavertree",lab safe,#F3A0F2,3
65,E14000796,"Liverpool, West Derby",lab safe,#2CBDFE,0
66,E14000802,Macclesfield,con safe,#F5B14C,2
67,E14000805,Makerfield,con lab marginal,#2CBDFE,0
68,E14000807,Manchester Central,lab safe,#F3A0F2,3
69,E14000808,"Manchester, Gorton",lab safe,#F3A0F2,3
70,E14000809,"Manchester, Withington",lab safe,#F3A0F2,3
71,E14000825,Morecambe and Lunesdale,con lab marginal,#F5B14C,2
72,E14000870,Oldham East and Saddleworth,con lab marginal,#2CBDFE,0
73,E14000871,Oldham West and Royton,lab safe,#2CBDFE,0
74,E14000875,Pendle,con safe,#2CBDFE,0
75,E14000877,Penrith and The Border,con safe,#F5B14C,2
76,E14000885,Preston,lab safe,#F3A0F2,3
77,E14000894,Ribble Valley,con safe,#F5B14C,2
78,E14000897,Rochdale,lab safe,#2CBDFE,0
79,E14000902,Rossendale and Darwen,con safe,#F5B14C,2
80,E14000911,Salford and Eccles,lab safe,#2CBDFE,0
81,E14000916,Sefton Central,lab safe,#F5B14C,2
82,E14000943,South Ribble,con safe,#F5B14C,2
83,E14000958,Southport,con safe,#F5B14C,2
84,E14000962,St Helens North,lab safe,#2CBDFE,0
85,E14000963,St Helens South and Whiston,lab safe,#2CBDFE,0
86,E14000967,Stalybridge and Hyde,con lab marginal,#2CBDFE,0
87,E14000969,Stockport,lab safe,#2CBDFE,0
88,E14000979,Stretford and Urmston,lab safe,#2CBDFE,0
89,E14000987,Tatton,con safe,#F5B14C,2
90,E14001010,Wallasey,lab safe,#2CBDFE,0
91,E14001017,Warrington North,con lab marginal,#2CBDFE,0
92,E14001018,Warrington South,con lab marginal,#F5B14C,2
93,E14001024,Weaver Vale,con lab marginal,#F5B14C,2
94,E14001033,West Lancashire,con lab marginal,#F5B14C,2
95,E14001037,Westmorland and Lonsdale,con ld marginal,#F5B14C,2
96,E14001039,Wigan,con lab marginal,#2CBDFE,0
97,E14001043,Wirral South,con lab marginal,#F5B14C,2
98,E14001044,Wirral West,con lab marginal,#F5B14C,2
99,E14001053,Workington,con lab marginal,#F5B14C,2
100,E14001054,Worsley and Eccles South,con lab marginal,#2CBDFE,0
101,E14001057,Wyre and Preston North,con safe,#F5B14C,2
102,E14001059,Wythenshawe and Sale East,lab safe,#2CBDFE,0
103,E14000541,Barnsley Central,lab safe,#2CBDFE,0
104,E14000542,Barnsley East,con lab marginal,#2CBDFE,0
105,E14000548,Batley and Spen,con lab marginal,#2CBDFE,0
106,E14000556,Beverley and Holderness,con safe,#F5B14C,2
107,E14000587,Bradford East,lab safe,#2CBDFE,0
108,E14000588,Bradford South,con lab marginal,#2CBDFE,0
109,E14000589,Bradford West,lab safe,#2CBDFE,0
110,E14000596,Brigg and Goole,con safe,#2CBDFE,0
111,E14000614,Calder Valley,con lab marginal,#F5B14C,2
112,E14000643,Cleethorpes,con safe,#2CBDFE,0
113,E14000645,Colne Valley,con lab marginal,#F5B14C,2
114,E14000666,Dewsbury,con lab marginal,#2CBDFE,0
115,E14000667,Don Valley,con lab marginal,#2CBDFE,0
116,E14000668,Doncaster Central,con lab marginal,#2CBDFE,0
117,E14000669,Doncaster North,con lab marginal,#2CBDFE,0
118,E14000683,East Yorkshire,con safe,#F5B14C,2
119,E14000689,Elmet and Rothwell,con safe,#F5B14C,2
120,E14000716,Great Grimsby,con lab marginal,#2CBDFE,0
121,E14000723,Halifax,con lab marginal,#2CBDFE,0
122,E14000724,Haltemprice and Howden,con safe,#F5B14C,2
123,E14000730,Harrogate and Knaresborough,con safe,#F5B14C,2
124,E14000740,Hemsworth,con lab marginal,#2CBDFE,0
125,E14000756,Huddersfield,con lab marginal,#2CBDFE,0
126,E14000766,Keighley,con lab marginal,#F5B14C,2
127,E14000771,Kingston upon Hull East,con lab marginal,#2CBDFE,0
128,E14000772,Kingston upon Hull North,lab safe,#2CBDFE,0
129,E14000773,Kingston upon Hull West and Hessle,con lab marginal,#2CBDFE,0
130,E14000777,Leeds Central,lab safe,#F3A0F2,3
131,E14000778,Leeds East,lab safe,#2CBDFE,0
132,E14000779,Leeds North East,lab safe,#2CBDFE,0
133,E14000780,Leeds North West,lab safe,#F3A0F2,3
134,E14000781,Leeds West,lab safe,#2CBDFE,0
135,E14000826,Morley and Outwood,con safe,#2CBDFE,0
136,E14000836,"Normanton, Pontefract and Castleford",con lab marginal,#2CBDFE,0
137,E14000876,Penistone and Stocksbridge,con lab marginal,#F5B14C,2
138,E14000886,Pudsey,con lab marginal,#F5B14C,2
139,E14000895,Richmond (Yorks),con safe,#F5B14C,2
140,E14000903,Rother Valley,con lab marginal,#2CBDFE,0
141,E14000904,Rotherham,con lab marginal,#2CBDFE,0
142,E14000913,Scarborough and Whitby,con safe,#F5B14C,2
143,E14000914,Scunthorpe,con lab marginal,#2CBDFE,0
144,E14000917,Selby and Ainsty,con safe,#F5B14C,2
145,E14000919,Sheffield Central,lab safe,#F3A0F2,3
146,E14000920,Sheffield South East,con lab marginal,#2CBDFE,0
147,E14000921,"Sheffield, Brightside and Hillsborough",lab safe,#2CBDFE,0
148,E14000922,"Sheffield, Hallam",lab ld marginal,#F5B14C,2
149,E14000923,"Sheffield, Heeley",lab safe,#2CBDFE,0
150,E14000925,Shipley,con lab marginal,#F5B14C,2
151,E14000928,Skipton and Ripon,con safe,#F5B14C,2
152,E14000993,Thirsk and Malton,con safe,#F5B14C,2
153,E14001009,Wakefield,con lab marginal,#2CBDFE,0
154,E14001028,Wentworth and Dearne,con lab marginal,#2CBDFE,0
155,E14001061,York Central,lab safe,#F3A0F2,3
156,E14001062,York Outer,con safe,#F5B14C,2
157,E14000533,Amber Valley,con safe,#2CBDFE,0
158,E14000535,Ashfield,con lab marginal,#2CBDFE,0
159,E14000546,Bassetlaw,con lab marginal,#2CBDFE,0
160,E14000577,Bolsover,con lab marginal,#2CBDFE,0
161,E14000582,Boston and Skegness,con safe,#F5B14C,2
162,E14000583,Bosworth,con safe,#F5B14C,2
163,E14000607,Broxtowe,con lab marginal,#F5B14C,2
164,E14000625,Charnwood,con safe,#F5B14C,2
165,E14000632,Chesterfield,con lab marginal,#2CBDFE,0
166,E14000648,Corby,con safe,#2CBDFE,0
167,E14000660,Daventry,con safe,#F5B14C,2
168,E14000662,Derby North,con lab marginal,#2CBDFE,0
169,E14000663,Derby South,con lab marginal,#2CBDFE,0
170,E14000664,Derbyshire Dales,con safe,#F5B14C,2
171,E14000695,Erewash,con safe,#2CBDFE,0
172,E14000707,Gainsborough,con safe,#F5B14C,2
173,E14000710,Gedling,con lab marginal,#F5B14C,2
174,E14000714,Grantham and Stamford,con safe,#F5B14C,2
175,E14000728,Harborough,con safe,#F5B14C,2
176,E14000748,High Peak,con lab marginal,#F5B14C,2
177,E14000769,Kettering,con safe,#2CBDFE,0
178,E14000782,Leicester East,lab safe,#47DBCD,1
179,E14000783,Leicester South,lab safe,#F3A0F2,3
180,E14000784,Leicester West,lab safe,#2CBDFE,0
181,E14000792,Lincoln,con lab marginal,#F3A0F2,3
182,E14000797,Loughborough,con lab marginal,#F3A0F2,3
183,E14000798,Louth and Horncastle,con safe,#F5B14C,2
184,E14000810,Mansfield,con safe,#2CBDFE,0
185,E14000814,Mid Derbyshire,con safe,#F5B14C,2
186,E14000829,Newark,con safe,#F5B14C,2
187,E14000843,North East Derbyshire,con safe,#F5B14C,2
188,E14000858,North West Leicestershire,con safe,#F5B14C,2
189,E14000861,Northampton North,con lab marginal,#2CBDFE,0
190,E14000862,Northampton South,con safe,#2CBDFE,0
191,E14000865,Nottingham East,lab safe,#F3A0F2,3
192,E14000866,Nottingham North,lab safe,#2CBDFE,0
193,E14000867,Nottingham South,lab safe,#F3A0F2,3
194,E14000908,Rushcliffe,con safe,#F5B14C,2
195,E14000909,Rutland and Melton,con safe,#F5B14C,2
196,E14000924,Sherwood,con safe,#2CBDFE,0
197,E14000929,Sleaford and North Hykeham,con safe,#F5B14C,2
198,E14000935,South Derbyshire,con safe,#F5B14C,2
199,E14000939,South Holland and The Deepings,con safe,#F5B14C,2
200,E14000940,South Leicestershire,con safe,#F5B14C,2
201,E14000942,South Northamptonshire,con safe,#F5B14C,2
202,E14001025,Wellingborough,con safe,#2CBDFE,0
203,E14000531,Aldridge-Brownhills,con safe,#F5B14C,2
204,E14000560,"Birmingham, Edgbaston",con lab marginal,#F3A0F2,3
205,E14000561,"Birmingham, Erdington",con lab marginal,#2CBDFE,0
206,E14000562,"Birmingham, Hall Green",lab safe,#2CBDFE,0
207,E14000563,"Birmingham, Hodge Hill",lab safe,#2CBDFE,0
208,E14000564,"Birmingham, Ladywood",lab safe,#F3A0F2,3
209,E14000565,"Birmingham, Northfield",con lab marginal,#2CBDFE,0
210,E14000566,"Birmingham, Perry Barr",lab safe,#2CBDFE,0
211,E14000567,"Birmingham, Selly Oak",lab safe,#F3A0F2,3
212,E14000568,"Birmingham, Yardley",lab safe,#2CBDFE,0
213,E14000605,Bromsgrove,con safe,#F5B14C,2
214,E14000610,Burton,con safe,#2CBDFE,0
215,E14000618,Cannock Chase,con safe,#2CBDFE,0
216,E14000649,Coventry North East,lab safe,#2CBDFE,0
217,E14000650,Coventry North West,con lab marginal,#2CBDFE,0
218,E14000651,Coventry South,con lab marginal,#F3A0F2,3
219,E14000671,Dudley North,con lab marginal,#2CBDFE,0
220,E14000672,Dudley South,con safe,#2CBDFE,0
221,E14000722,Halesowen and Rowley Regis,con safe,#2CBDFE,0
222,E14000743,Hereford and South Herefordshire,con safe,#F5B14C,2
223,E14000767,Kenilworth and Southam,con safe,#F5B14C,2
224,E14000791,Lichfield,con safe,#F5B14C,2
225,E14000799,Ludlow,con safe,#F5B14C,2
226,E14000812,Meriden,con safe,#2CBDFE,0
227,E14000818,Mid Worcestershire,con safe,#F5B14C,2
228,E14000834,Newcastle-under-Lyme,con lab marginal,#2CBDFE,0
229,E14000847,North Herefordshire,con safe,#F5B14C,2
230,E14000849,North Shropshire,con safe,#F5B14C,2
231,E14000854,North Warwickshire,con safe,#2CBDFE,0
232,E14000868,Nuneaton,con safe,#2CBDFE,0
233,E14000892,Redditch,con safe,#2CBDFE,0
234,E14000905,Rugby,con safe,#2CBDFE,0
235,E14000926,Shrewsbury and Atcham,con safe,#F5B14C,2
236,E14000931,Solihull,con safe,#F5B14C,2
237,E14000945,South Staffordshire,con safe,#F5B14C,2
238,E14000965,Stafford,con safe,#F5B14C,2
239,E14000966,Staffordshire Moorlands,con safe,#F5B14C,2
240,E14000972,Stoke-on-Trent Central,con lab marginal,#2CBDFE,0
241,E14000973,Stoke-on-Trent North,con lab marginal,#2CBDFE,0
242,E14000974,Stoke-on-Trent South,con safe,#2CBDFE,0
243,E14000975,Stone,con safe,#F5B14C,2
244,E14000976,Stourbridge,con safe,#2CBDFE,0
245,E14000977,Stratford-on-Avon,con safe,#F5B14C,2
246,E14000985,Sutton Coldfield,con safe,#F5B14C,2
247,E14000986,Tamworth,con safe,#2CBDFE,0
248,E14000989,Telford,con safe,#2CBDFE,0
249,E14000992,The Wrekin,con safe,#F5B14C,2
250,E14001011,Walsall North,con safe,#2CBDFE,0
251,E14001012,Walsall South,con lab marginal,#2CBDFE,0
252,E14001016,Warley,lab safe,#2CBDFE,0
253,E14001019,Warwick and Leamington,con lab marginal,#2CBDFE,0
254,E14001029,West Bromwich East,con lab marginal,#2CBDFE,0
255,E14001030,West Bromwich West,con lab marginal,#2CBDFE,0
256,E14001035,West Worcestershire,con safe,#F5B14C,2
257,E14001049,Wolverhampton North East,con lab marginal,#2CBDFE,0
258,E14001050,Wolverhampton South East,con lab marginal,#2CBDFE,0
259,E14001051,Wolverhampton South West,con lab marginal,#2CBDFE,0
260,E14001052,Worcester,con safe,#F5B14C,2
261,E14001058,Wyre Forest,con safe,#F5B14C,2
262,E14000544,Basildon and Billericay,con safe,#2CBDFE,0
263,E14000552,Bedford,con lab marginal,#2CBDFE,0
264,E14000590,Braintree,con safe,#F5B14C,2
265,E14000594,Brentwood and Ongar,con safe,#F5B14C,2
266,E14000603,Broadland,con safe,#F5B14C,2
267,E14000606,Broxbourne,con safe,#2CBDFE,0
268,E14000613,Bury St Edmunds,con safe,#F5B14C,2
269,E14000617,Cambridge,lab safe,#F3A0F2,3
270,E14000622,Castle Point,con safe,#F5B14C,2
271,E14000624,Central Suffolk and North Ipswich,con safe,#F5B14C,2
272,E14000628,Chelmsford,con safe,#F5B14C,2
273,E14000642,Clacton,con safe,#F5B14C,2
274,E14000644,Colchester,con safe,#F5B14C,2
275,E14000693,Epping Forest,con safe,#F5B14C,2
276,E14000717,Great Yarmouth,con safe,#F5B14C,2
277,E14000729,Harlow,con safe,#2CBDFE,0
278,E14000734,Harwich and North Essex,con safe,#F5B14C,2
279,E14000739,Hemel Hempstead,con safe,#2CBDFE,0
280,E14000744,Hertford and Stortford,con safe,#F5B14C,2
281,E14000745,Hertsmere,con safe,#2CBDFE,0
282,E14000749,Hitchin and Harpenden,con safe,#F5B14C,2
283,E14000757,Huntingdon,con safe,#F5B14C,2
284,E14000761,Ipswich,con lab marginal,#2CBDFE,0
285,E14000800,Luton North,con lab marginal,#2CBDFE,0
286,E14000801,Luton South,lab safe,#2CBDFE,0
287,E14000806,Maldon,con safe,#F5B14C,2
288,E14000813,Mid Bedfordshire,con safe,#F5B14C,2
289,E14000816,Mid Norfolk,con safe,#F5B14C,2
290,E14000841,North East Bedfordshire,con safe,#F5B14C,2
291,E14000842,North East Cambridgeshire,con safe,#F5B14C,2
292,E14000845,North East Hertfordshire,con safe,#F5B14C,2
293,E14000848,North Norfolk,con ld marginal,#F5B14C,2
294,E14000855,North West Cambridgeshire,con safe,#F5B14C,2
295,E14000859,North West Norfolk,con safe,#F5B14C,2
296,E14000863,Norwich North,con lab marginal,#2CBDFE,0
297,E14000864,Norwich South,lab safe,#F3A0F2,3
298,E14000878,Peterborough,con lab marginal,#2CBDFE,0
299,E14000888,Rayleigh and Wickford,con safe,#F5B14C,2
300,E14000899,Rochford and Southend East,con safe,#2CBDFE,0
301,E14000910,Saffron Walden,con safe,#F5B14C,2
302,E14000933,South Basildon and East Thurrock,con safe,#2CBDFE,0
303,E14000934,South Cambridgeshire,con ld marginal,#F5B14C,2
304,E14000937,South East Cambridgeshire,con safe,#F5B14C,2
305,E14000941,South Norfolk,con safe,#F5B14C,2
306,E14000946,South Suffolk,con safe,#F5B14C,2
307,E14000949,South West Bedfordshire,con safe,#2CBDFE,0
308,E14000951,South West Hertfordshire,con safe,#F5B14C,2
309,E14000952,South West Norfolk,con safe,#F5B14C,2
310,E14000957,Southend West,con safe,#2CBDFE,0
311,E14000960,St Albans,con ld marginal,#F5B14C,2
312,E14000968,Stevenage,con safe,#2CBDFE,0
313,E14000981,Suffolk Coastal,con safe,#F5B14C,2
314,E14000995,Thurrock,con safe,#2CBDFE,0
315,E14001021,Watford,con safe,#2CBDFE,0
316,E14001022,Waveney,con safe,#F5B14C,2
317,E14001027,Welwyn Hatfield,con safe,#2CBDFE,0
318,E14001034,West Suffolk,con safe,#2CBDFE,0
319,E14001045,Witham,con safe,#F5B14C,2
320,E14000540,Barking,lab safe,#47DBCD,1
321,E14000549,Battersea,con lab marginal,#47DBCD,1
322,E14000551,Beckenham,con safe,#F5B14C,2
323,E14000553,Bermondsey and Old Southwark,lab safe,#47DBCD,1
324,E14000555,Bethnal Green and Bow,lab safe,#47DBCD,1
325,E14000558,Bexleyheath and Crayford,con safe,#F5B14C,2
326,E14000591,Brent Central,lab safe,#47DBCD,1
327,E14000592,Brent North,lab safe,#47DBCD,1
328,E14000593,Brentford and Isleworth,con lab marginal,#47DBCD,1
329,E14000604,Bromley and Chislehurst,con safe,#F5B14C,2
330,E14000615,Camberwell and Peckham,lab safe,#47DBCD,1
331,E14000621,Carshalton and Wallington,con ld marginal,#2CBDFE,0
332,E14000629,Chelsea and Fulham,con ld marginal,#47DBCD,1
333,E14000634,Chingford and Woodford Green,con lab marginal,#2CBDFE,0
334,E14000636,Chipping Barnet,con lab marginal,#2CBDFE,0
335,E14000639,Cities of London and Westminster,con lab marginal,#47DBCD,1
336,E14000654,Croydon Central,con lab marginal,#2CBDFE,0
337,E14000655,Croydon North,lab safe,#47DBCD,1
338,E14000656,Croydon South,con safe,#F5B14C,2
339,E14000657,Dagenham and Rainham,con lab marginal,#2CBDFE,0
340,E14000673,Dulwich and West Norwood,lab safe,#47DBCD,1
341,E14000674,Ealing Central and Acton,lab safe,#47DBCD,1
342,E14000675,Ealing North,lab safe,#47DBCD,1
343,E14000676,"Ealing, Southall",lab safe,#47DBCD,1
344,E14000679,East Ham,lab safe,#47DBCD,1
345,E14000687,Edmonton,lab safe,#47DBCD,1
346,E14000690,Eltham,con lab marginal,#2CBDFE,0
347,E14000691,Enfield North,con lab marginal,#2CBDFE,0
348,E14000692,"Enfield, Southgate",con lab marginal,#2CBDFE,0
349,E14000696,Erith and Thamesmead,con lab marginal,#47DBCD,1
350,E14000701,Feltham and Heston,lab safe,#47DBCD,1
351,E14000703,Finchley and Golders Green,con safe,#47DBCD,1
352,E14000718,Greenwich and Woolwich,lab safe,#47DBCD,1
353,E14000720,Hackney North and Stoke Newington,lab safe,#47DBCD,1
354,E14000721,Hackney South and Shoreditch,lab safe,#47DBCD,1
355,E14000726,Hammersmith,lab safe,#47DBCD,1
356,E14000727,Hampstead and Kilburn,lab safe,#47DBCD,1
357,E14000731,Harrow East,con lab marginal,#47DBCD,1
358,E14000732,Harrow West,lab safe,#47DBCD,1
359,E14000737,Hayes and Harlington,lab safe,#47DBCD,1
360,E14000741,Hendon,con lab marginal,#47DBCD,1
361,E14000750,Holborn and St Pancras,lab safe,#47DBCD,1
362,E14000751,Hornchurch and Upminster,con safe,#F5B14C,2
363,E14000752,Hornsey and Wood Green,lab safe,#47DBCD,1
364,E14000759,Ilford North,con lab marginal,#47DBCD,1
365,E14000760,Ilford South,lab safe,#47DBCD,1
366,E14000763,Islington North,lab safe,#47DBCD,1
367,E14000764,Islington South and Finsbury,lab safe,#47DBCD,1
368,E14000768,Kensington,con ld marginal,#47DBCD,1
369,E14000770,Kingston and Surbiton,ld safe,#2CBDFE,0
370,E14000787,Lewisham East,lab safe,#47DBCD,1
371,E14000788,Lewisham West and Penge,lab safe,#47DBCD,1
372,E14000789,"Lewisham, Deptford",lab safe,#47DBCD,1
373,E14000790,Leyton and Wanstead,lab safe,#47DBCD,1
374,E14000823,Mitcham and Morden,lab safe,#47DBCD,1
375,E14000869,Old Bexley and Sidcup,con safe,#F5B14C,2
376,E14000872,Orpington,con safe,#F5B14C,2
377,E14000882,Poplar and Limehouse,lab safe,#47DBCD,1
378,E14000887,Putney,con lab marginal,#47DBCD,1
379,E14000896,Richmond Park,con ld marginal,#47DBCD,1
380,E14000900,Romford,con safe,#F5B14C,2
381,E14000906,"Ruislip, Northwood and Pinner",con safe,#2CBDFE,0
382,E14000978,Streatham,lab safe,#47DBCD,1
383,E14000984,Sutton and Cheam,con safe,#2CBDFE,0
384,E14000998,Tooting,lab safe,#47DBCD,1
385,E14001002,Tottenham,lab safe,#47DBCD,1
386,E14001005,Twickenham,ld safe,#47DBCD,1
387,E14001007,Uxbridge and South Ruislip,con lab marginal,#2CBDFE,0
388,E14001008,Vauxhall,lab safe,#47DBCD,1
389,E14001013,Walthamstow,lab safe,#47DBCD,1
390,E14001032,West Ham,lab safe,#47DBCD,1
391,E14001036,Westminster North,lab safe,#47DBCD,1
392,E14001040,Wimbledon,con ld marginal,#47DBCD,1
393,E14000530,Aldershot,con safe,#2CBDFE,0
394,E14000534,Arundel and South Downs,con safe,#F5B14C,2
395,E14000536,Ashford,con safe,#F5B14C,2
396,E14000538,Aylesbury,con safe,#F5B14C,2
397,E14000539,Banbury,con safe,#F5B14C,2
398,E14000545,Basingstoke,con safe,#2CBDFE,0
399,E14000550,Beaconsfield,con safe,#F5B14C,2
400,E14000557,Bexhill and Battle,con safe,#F5B14C,2
401,E14000576,Bognor Regis and Littlehampton,con safe,#F5B14C,2
402,E14000586,Bracknell,con safe,#F5B14C,2
403,E14000597,"Brighton, Kemptown",lab safe,#2CBDFE,0
404,E14000598,"Brighton, Pavilion",green safe,#F3A0F2,3
405,E14000608,Buckingham,con safe,#F5B14C,2
406,E14000619,Canterbury,con lab marginal,#F3A0F2,3
407,E14000626,Chatham and Aylesford,con safe,#2CBDFE,0
408,E14000631,Chesham and Amersham,con safe,#F5B14C,2
409,E14000633,Chichester,con safe,#F5B14C,2
410,E14000652,Crawley,con lab marginal,#2CBDFE,0
411,E14000659,Dartford,con safe,#2CBDFE,0
412,E14000670,Dover,con safe,#F5B14C,2
413,E14000680,East Hampshire,con safe,#F5B14C,2
414,E14000681,East Surrey,con safe,#F5B14C,2
415,E14000682,East Worthing and Shoreham,con safe,#2CBDFE,0
416,E14000684,Eastbourne,con ld marginal,#F5B14C,2
417,E14000685,Eastleigh,con safe,#F5B14C,2
418,E14000694,Epsom and Ewell,con safe,#F5B14C,2
419,E14000697,Esher and Walton,con ld marginal,#F5B14C,2
420,E14000699,Fareham,con safe,#F5B14C,2
421,E14000700,Faversham and Mid Kent,con safe,#F5B14C,2
422,E14000704,Folkestone and Hythe,con safe,#F5B14C,2
423,E14000711,Gillingham and Rainham,con safe,#2CBDFE,0
424,E14000713,Gosport,con safe,#2CBDFE,0
425,E14000715,Gravesham,con safe,#2CBDFE,0
426,E14000719,Guildford,con ld marginal,#F5B14C,2
427,E14000735,Hastings and Rye,con lab marginal,#F5B14C,2
428,E14000736,Havant,con safe,#2CBDFE,0
429,E14000742,Henley,con safe,#F5B14C,2
430,E14000753,Horsham,con safe,#F5B14C,2
431,E14000755,Hove,lab safe,#2CBDFE,0
432,E14000762,Isle of Wight,con safe,#F5B14C,2
433,E14000786,Lewes,con ld marginal,#F5B14C,2
434,E14000803,Maidenhead,con safe,#F5B14C,2
435,E14000804,Maidstone and The Weald,con safe,#F5B14C,2
436,E14000811,Meon Valley,con safe,#F5B14C,2
437,E14000817,Mid Sussex,con safe,#F5B14C,2
438,E14000821,Milton Keynes North,con lab marginal,#2CBDFE,0
439,E14000822,Milton Keynes South,con lab marginal,#2CBDFE,0
440,E14000824,Mole Valley,con safe,#F5B14C,2
441,E14000827,New Forest East,con safe,#F5B14C,2
442,E14000828,New Forest West,con safe,#F5B14C,2
443,E14000830,Newbury,con safe,#F5B14C,2
444,E14000844,North East Hampshire,con safe,#F5B14C,2
445,E14000852,North Thanet,con safe,#F5B14C,2
446,E14000857,North West Hampshire,con safe,#F5B14C,2
447,E14000873,Oxford East,lab safe,#F3A0F2,3
448,E14000874,Oxford West and Abingdon,ld safe,#F5B14C,2
449,E14000883,Portsmouth North,con safe,#2CBDFE,0
450,E14000884,Portsmouth South,con lab marginal,#F3A0F2,3
451,E14000889,Reading East,con lab marginal,#2CBDFE,0
452,E14000890,Reading West,con lab marginal,#2CBDFE,0
453,E14000893,Reigate,con safe,#F5B14C,2
454,E14000898,Rochester and Strood,con safe,#2CBDFE,0
455,E14000901,Romsey and Southampton North,con safe,#F5B14C,2
456,E14000907,Runnymede and Weybridge,con safe,#F5B14C,2
457,E14000918,Sevenoaks,con safe,#F5B14C,2
458,E14000927,Sittingbourne and Sheppey,con safe,#2CBDFE,0
459,E14000930,Slough,lab safe,#47DBCD,1
460,E14000948,South Thanet,con safe,#F5B14C,2
461,E14000953,South West Surrey,con safe,#F5B14C,2
462,E14000955,"Southampton, Itchen",con lab marginal,#2CBDFE,0
463,E14000956,"Southampton, Test",lab safe,#2CBDFE,0
464,E14000959,Spelthorne,con safe,#2CBDFE,0
465,E14000983,Surrey Heath,con safe,#F5B14C,2
466,E14000997,Tonbridge and Malling,con safe,#F5B14C,2
467,E14001004,Tunbridge Wells,con safe,#F5B14C,2
468,E14001015,Wantage,con safe,#F5B14C,2
469,E14001023,Wealden,con safe,#F5B14C,2
470,E14001041,Winchester,con ld marginal,#F5B14C,2
471,E14001042,Windsor,con safe,#F5B14C,2
472,E14001046,Witney,con safe,#F5B14C,2
473,E14001047,Woking,con safe,#F5B14C,2
474,E14001048,Wokingham,con ld marginal,#F5B14C,2
475,E14001055,Worthing West,con safe,#2CBDFE,0
476,E14001056,Wycombe,con lab marginal,#2CBDFE,0
477,E14000547,Bath,ld safe,#F3A0F2,3
478,E14000584,Bournemouth East,con safe,#2CBDFE,0
479,E14000585,Bournemouth West,con safe,#2CBDFE,0
480,E14000595,Bridgwater and West Somerset,con safe,#F5B14C,2
481,E14000599,Bristol East,lab safe,#2CBDFE,0
482,E14000600,Bristol North West,con lab marginal,#2CBDFE,0
483,E14000601,Bristol South,lab safe,#2CBDFE,0
484,E14000602,Bristol West,lab safe,#F3A0F2,3
485,E14000616,Camborne and Redruth,con lab marginal,#F5B14C,2
486,E14000623,Central Devon,con safe,#F5B14C,2
487,E14000630,Cheltenham,con ld marginal,#F5B14C,2
488,E14000635,Chippenham,con safe,#F5B14C,2
489,E14000638,Christchurch,con safe,#F5B14C,2
490,E14000665,Devizes,con safe,#F5B14C,2
491,E14000678,East Devon,con safe,#F5B14C,2
492,E14000698,Exeter,lab safe,#F3A0F2,3
493,E14000702,Filton and Bradley Stoke,con lab marginal,#2CBDFE,0
494,E14000705,Forest of Dean,con safe,#F5B14C,2
495,E14000712,Gloucester,con safe,#2CBDFE,0
496,E14000774,Kingswood,con safe,#2CBDFE,0
497,E14000815,Mid Dorset and North Poole,con safe,#F5B14C,2
498,E14000835,Newton Abbot,con safe,#F5B14C,2
499,E14000837,North Cornwall,con safe,#F5B14C,2
500,E14000838,North Devon,con safe,#F5B14C,2
501,E14000839,North Dorset,con safe,#F5B14C,2
502,E14000846,North East Somerset,con safe,#F5B14C,2
503,E14000850,North Somerset,con safe,#F5B14C,2
504,E14000851,North Swindon,con safe,#2CBDFE,0
505,E14000860,North Wiltshire,con safe,#F5B14C,2
506,E14000879,"Plymouth, Moor View",con safe,#2CBDFE,0
507,E14000880,"Plymouth, Sutton and Devonport",con lab marginal,#F3A0F2,3
508,E14000881,Poole,con safe,#2CBDFE,0
509,E14000912,Salisbury,con safe,#F5B14C,2
510,E14000932,Somerton and Frome,con safe,#F5B14C,2
511,E14000936,South Dorset,con safe,#F5B14C,2
512,E14000938,South East Cornwall,con safe,#F5B14C,2
513,E14000947,South Swindon,con lab marginal,#2CBDFE,0
514,E14000950,South West Devon,con safe,#F5B14C,2
515,E14000954,South West Wiltshire,con safe,#F5B14C,2
516,E14000961,St Austell and Newquay,con safe,#F5B14C,2
517,E14000964,St Ives,con ld marginal,#F5B14C,2
518,E14000980,Stroud,con lab marginal,#F5B14C,2
519,E14000988,Taunton Deane,con safe,#F5B14C,2
520,E14000990,Tewkesbury,con safe,#F5B14C,2
521,E14000991,The Cotswolds,con safe,#F5B14C,2
522,E14000994,Thornbury and Yate,con ld marginal,#F5B14C,2
523,E14000996,Tiverton and Honiton,con safe,#F5B14C,2
524,E14000999,Torbay,con safe,#F5B14C,2
525,E14001000,Torridge and West Devon,con safe,#F5B14C,2
526,E14001001,Totnes,con safe,#F5B14C,2
527,E14001003,Truro and Falmouth,con lab marginal,#F5B14C,2
528,E14001026,Wells,con ld marginal,#F5B14C,2
529,E14001031,West Dorset,con safe,#F5B14C,2
530,E14001038,Weston-Super-Mare,con safe,#F5B14C,2
531,E14001060,Yeovil,con safe,#F5B14C,2
532,S14000001,Aberdeen North,snp safe,#2CBDFE,0
533,S14000002,Aberdeen South,con snp marginal,#2CBDFE,0
534,S14000003,Airdrie and Shotts,lab snp marginal,#2CBDFE,0
535,S14000004,Angus,con snp marginal,#2CBDFE,0
536,S14000005,Argyll and Bute,con snp marginal,#2CBDFE,0
537,S14000006,"Ayr, Carrick and Cumnock",con snp marginal,#2CBDFE,0
538,S14000007,Banff and Buchan,con snp marginal,#2CBDFE,0
539,S14000008,"Berwickshire, Roxburgh and Selkirk",con snp marginal,#2CBDFE,0
540,S14000009,"Caithness, Sutherland and Easter Ross",ld snp marginal,#2CBDFE,0
541,S14000010,Central Ayrshire,con snp marginal,#2CBDFE,0
542,S14000011,"Coatbridge, Chryston and Bellshill",lab snp marginal,#2CBDFE,0
543,S14000012,"Cumbernauld, Kilsyth and Kirkintilloch East",snp safe,#2CBDFE,0
544,S14000013,Dumfries and Galloway,con snp marginal,#2CBDFE,0
545,S14000014,"Dumfriesshire, Clydesdale and Tweeddale",con snp marginal,#2CBDFE,0
546,S14000015,Dundee East,snp safe,#2CBDFE,0
547,S14000016,Dundee West,snp safe,#2CBDFE,0
548,S14000017,Dunfermline and West Fife,con snp marginal,#2CBDFE,0
549,S14000018,East Dunbartonshire,ld snp marginal,#F5B14C,2
550,S14000019,"East Kilbride, Strathaven and Lesmahagow",snp safe,#2CBDFE,0
551,S14000020,East Lothian,lab snp marginal,#2CBDFE,0
552,S14000021,East Renfrewshire,con snp marginal,#F5B14C,2
553,S14000022,Edinburgh East,snp safe,#F3A0F2,3
554,S14000023,Edinburgh North and Leith,snp safe,#F3A0F2,3
555,S14000024,Edinburgh South,lab safe,#F3A0F2,3
556,S14000025,Edinburgh South West,snp safe,#F3A0F2,3
557,S14000026,Edinburgh West,ld snp marginal,#F5B14C,2
558,S14000027,Na h-Eileanan An Iar,snp safe,#2CBDFE,0
559,S14000028,Falkirk,snp safe,#2CBDFE,0
560,S14000029,Glasgow Central,snp safe,#F3A0F2,3
561,S14000030,Glasgow East,lab snp marginal,#2CBDFE,0
562,S14000031,Glasgow North,snp safe,#F3A0F2,3
563,S14000032,Glasgow North East,lab snp marginal,#2CBDFE,0
564,S14000033,Glasgow North West,snp safe,#2CBDFE,0
565,S14000034,Glasgow South,snp safe,#2CBDFE,0
566,S14000035,Glasgow South West,snp safe,#2CBDFE,0
567,S14000036,Glenrothes,snp safe,#2CBDFE,0
568,S14000037,Gordon,con snp marginal,#2CBDFE,0
569,S14000038,Inverclyde,snp safe,#2CBDFE,0
570,S14000039,"Inverness, Nairn, Badenoch and Strathspey",snp safe,#2CBDFE,0
571,S14000040,Kilmarnock and Loudoun,snp safe,#2CBDFE,0
572,S14000041,Kirkcaldy and Cowdenbeath,lab snp marginal,#2CBDFE,0
573,S14000042,Lanark and Hamilton East,con snp marginal,#2CBDFE,0
574,S14000043,Linlithgow and East Falkirk,con snp marginal,#2CBDFE,0
575,S14000044,Livingston,snp safe,#2CBDFE,0
576,S14000045,Midlothian,lab snp marginal,#2CBDFE,0
577,S14000046,Moray,con snp marginal,#2CBDFE,0
578,S14000047,Motherwell and Wishaw,lab snp marginal,#2CBDFE,0
579,S14000048,North Ayrshire and Arran,con snp marginal,#2CBDFE,0
580,S14000049,North East Fife,ld snp marginal,#F5B14C,2
581,S14000050,Ochil and South Perthshire,con snp marginal,#2CBDFE,0
582,S14000051,Orkney and Shetland,ld snp marginal,#2CBDFE,0
583,S14000052,Paisley and Renfrewshire North,snp safe,#2CBDFE,0
584,S14000053,Paisley and Renfrewshire South,snp safe,#2CBDFE,0
585,S14000054,Perth and North Perthshire,con snp marginal,#2CBDFE,0
586,S14000055,"Ross, Skye and Lochaber",snp safe,#2CBDFE,0
587,S14000056,Rutherglen and Hamilton West,lab snp marginal,#2CBDFE,0
588,S14000057,Stirling,con snp marginal,#2CBDFE,0
589,S14000058,West Aberdeenshire and Kincardine,con snp marginal,#2CBDFE,0
590,S14000059,West Dunbartonshire,lab snp marginal,#2CBDFE,0
591,W07000041,Ynys Mon,con lab marginal,#F5B14C,2
592,W07000042,Delyn,con lab marginal,#F5B14C,2
593,W07000043,Alyn and Deeside,con lab marginal,#2CBDFE,0
594,W07000044,Wrexham,con lab marginal,#F5B14C,2
595,W07000045,Llanelli,lab safe,#2CBDFE,0
596,W07000046,Gower,con lab marginal,#F5B14C,2
597,W07000047,Swansea West,lab safe,#F3A0F2,3
598,W07000048,Swansea East,lab safe,#2CBDFE,0
599,W07000049,Aberavon,lab safe,#2CBDFE,0
600,W07000050,Cardiff Central,lab safe,#F3A0F2,3
601,W07000051,Cardiff North,con lab marginal,#F5B14C,2
602,W07000052,Rhondda,lab safe,#2CBDFE,0
603,W07000053,Torfaen,con lab marginal,#2CBDFE,0
604,W07000054,Monmouth,con safe,#F5B14C,2
605,W07000055,Newport East,con lab marginal,#2CBDFE,0
606,W07000056,Newport West,con lab marginal,#2CBDFE,0
607,W07000057,Arfon,pc safe,#F3A0F2,3
608,W07000058,Aberconwy,con lab marginal,#F5B14C,2
609,W07000059,Clwyd West,con safe,#F5B14C,2
610,W07000060,Vale of Clwyd,con lab marginal,#F5B14C,2
611,W07000061,Dwyfor Meirionnydd,pc safe,#F5B14C,2
612,W07000062,Clwyd South,con lab marginal,#F5B14C,2
613,W07000063,Montgomeryshire,con safe,#F5B14C,2
614,W07000064,Ceredigion,ld pc marginal,#F5B14C,2
615,W07000065,Preseli Pembrokeshire,con lab marginal,#F5B14C,2
616,W07000066,Carmarthen West and Pembrokeshire South,con lab marginal,#F5B14C,2
617,W07000067,Carmarthen East and Dinefwr,con pc marginal,#F5B14C,2
618,W07000068,Brecon and Radnorshire,con ld marginal,#F5B14C,2
619,W07000069,Neath,lab safe,#2CBDFE,0
620,W07000070,Cynon Valley,lab safe,#2CBDFE,0
621,W07000071,Merthyr Tydfil and Rhymney,lab safe,#2CBDFE,0
622,W07000072,Blaenau Gwent,lab safe,#2CBDFE,0
623,W07000073,Bridgend,con lab marginal,#F5B14C,2
624,W07000074,Ogmore,lab safe,#2CBDFE,0
625,W07000075,Pontypridd,lab safe,#F5B14C,2
626,W07000076,Caerphilly,lab safe,#2CBDFE,0
627,W07000077,Islwyn,lab safe,#2CBDFE,0
628,W07000078,Vale of Glamorgan,con lab marginal,#F5B14C,2
629,W07000079,Cardiff West,lab safe,#2CBDFE,0
630,W07000080,Cardiff South and Penarth,lab safe,#2CBDFE,0
